"id","age_mo","Congruency","ACC","RT"
"s1",57,"Congruent",TRUE,28
"s1",57,"Congruent",FALSE,815
"s1",57,"Congruent",TRUE,2241
"s1",57,"Congruent",TRUE,1648
"s1",57,"Congruent",TRUE,1322
"s1",57,"Congruent",TRUE,110
"s1",57,"Congruent",FALSE,4000
"s1",57,"Congruent",FALSE,4000
"s1",57,"Congruent",FALSE,3730
"s1",57,"Congruent",FALSE,4000
"s1",57,"Congruent",FALSE,4000
"s1",57,"Congruent",FALSE,4000
"s1",57,"Incongruent",FALSE,269
"s1",57,"Incongruent",FALSE,4000
"s1",57,"Incongruent",FALSE,4000
"s1",57,"Incongruent",TRUE,351
"s1",57,"Incongruent",TRUE,2766
"s1",57,"Incongruent",FALSE,2070
"s1",57,"Incongruent",FALSE,4000
"s1",57,"Incongruent",TRUE,157
"s1",57,"Incongruent",FALSE,4000
"s1",57,"Incongruent",FALSE,4000
"s1",57,"Incongruent",FALSE,2069
"s1",57,"Incongruent",TRUE,445
"s1",57,"Neutral",TRUE,1635
"s1",57,"Neutral",FALSE,728
"s1",57,"Neutral",FALSE,31
"s1",57,"Neutral",TRUE,310
"s1",57,"Neutral",FALSE,4000
"s1",57,"Neutral",FALSE,4000
"s1",57,"Neutral",FALSE,3953
"s1",57,"Neutral",TRUE,28
"s1",57,"Neutral",FALSE,145
"s1",57,"Neutral",TRUE,2239
"s1",57,"Neutral",FALSE,4000
"s1",57,"Neutral",FALSE,4000
"s10",57,"Congruent",TRUE,3579
"s10",57,"Congruent",TRUE,1990
"s10",57,"Congruent",FALSE,1093
"s10",57,"Congruent",TRUE,3142
"s10",57,"Congruent",TRUE,1656
"s10",57,"Congruent",TRUE,1827
"s10",57,"Congruent",TRUE,1641
"s10",57,"Congruent",TRUE,1417
"s10",57,"Congruent",TRUE,1124
"s10",57,"Congruent",TRUE,1627
"s10",57,"Congruent",TRUE,1168
"s10",57,"Congruent",TRUE,1130
"s10",57,"Incongruent",FALSE,4000
"s10",57,"Incongruent",FALSE,4000
"s10",57,"Incongruent",FALSE,1873
"s10",57,"Incongruent",FALSE,1916
"s10",57,"Incongruent",TRUE,1492
"s10",57,"Incongruent",TRUE,1678
"s10",57,"Incongruent",FALSE,1846
"s10",57,"Incongruent",FALSE,3820
"s10",57,"Incongruent",TRUE,1717
"s10",57,"Incongruent",FALSE,1427
"s10",57,"Incongruent",FALSE,1398
"s10",57,"Incongruent",FALSE,1687
"s10",57,"Neutral",FALSE,4000
"s10",57,"Neutral",FALSE,4000
"s10",57,"Neutral",FALSE,4000
"s10",57,"Neutral",FALSE,4000
"s10",57,"Neutral",TRUE,2276
"s10",57,"Neutral",TRUE,2622
"s10",57,"Neutral",TRUE,1816
"s10",57,"Neutral",TRUE,1999
"s10",57,"Neutral",TRUE,1568
"s10",57,"Neutral",TRUE,984
"s10",57,"Neutral",TRUE,1391
"s10",57,"Neutral",TRUE,833
"s11",50,"Congruent",FALSE,2431
"s11",50,"Congruent",TRUE,2103
"s11",50,"Congruent",TRUE,3562
"s11",50,"Congruent",TRUE,2771
"s11",50,"Congruent",TRUE,1222
"s11",50,"Congruent",TRUE,1180
"s11",50,"Congruent",TRUE,987
"s11",50,"Congruent",TRUE,1447
"s11",50,"Congruent",TRUE,980
"s11",50,"Congruent",TRUE,1279
"s11",50,"Congruent",TRUE,1693
"s11",50,"Congruent",TRUE,743
"s11",50,"Incongruent",TRUE,1206
"s11",50,"Incongruent",TRUE,1318
"s11",50,"Incongruent",FALSE,875
"s11",50,"Incongruent",TRUE,3646
"s11",50,"Incongruent",FALSE,2289
"s11",50,"Incongruent",TRUE,2179
"s11",50,"Incongruent",FALSE,4000
"s11",50,"Incongruent",TRUE,163
"s11",50,"Incongruent",TRUE,814
"s11",50,"Incongruent",TRUE,1547
"s11",50,"Incongruent",TRUE,1602
"s11",50,"Incongruent",TRUE,1644
"s11",50,"Neutral",TRUE,2170
"s11",50,"Neutral",FALSE,3002
"s11",50,"Neutral",FALSE,1162
"s11",50,"Neutral",TRUE,2021
"s11",50,"Neutral",TRUE,1267
"s11",50,"Neutral",TRUE,1086
"s11",50,"Neutral",FALSE,4000
"s11",50,"Neutral",TRUE,3942
"s11",50,"Neutral",TRUE,3900
"s11",50,"Neutral",TRUE,1059
"s11",50,"Neutral",TRUE,2083
"s11",50,"Neutral",FALSE,2633
"s12",52,"Congruent",TRUE,21
"s12",52,"Congruent",TRUE,3231
"s12",52,"Congruent",TRUE,3269
"s12",52,"Congruent",TRUE,1933
"s12",52,"Congruent",TRUE,1373
"s12",52,"Congruent",TRUE,3453
"s12",52,"Congruent",TRUE,1592
"s12",52,"Congruent",TRUE,1518
"s12",52,"Congruent",TRUE,2163
"s12",52,"Congruent",TRUE,1359
"s12",52,"Congruent",TRUE,1603
"s12",52,"Congruent",TRUE,1328
"s12",52,"Incongruent",FALSE,4000
"s12",52,"Incongruent",TRUE,3933
"s12",52,"Incongruent",TRUE,2609
"s12",52,"Incongruent",TRUE,2124
"s12",52,"Incongruent",FALSE,1147
"s12",52,"Incongruent",TRUE,14
"s12",52,"Incongruent",FALSE,1332
"s12",52,"Incongruent",TRUE,1706
"s12",52,"Incongruent",TRUE,1495
"s12",52,"Incongruent",TRUE,1846
"s12",52,"Incongruent",TRUE,1797
"s12",52,"Incongruent",TRUE,1005
"s12",52,"Neutral",TRUE,2745
"s12",52,"Neutral",TRUE,1841
"s12",52,"Neutral",TRUE,1615
"s12",52,"Neutral",TRUE,1567
"s12",52,"Neutral",TRUE,2751
"s12",52,"Neutral",TRUE,1801
"s12",52,"Neutral",FALSE,1125
"s12",52,"Neutral",TRUE,2111
"s12",52,"Neutral",TRUE,1630
"s12",52,"Neutral",TRUE,1926
"s12",52,"Neutral",TRUE,1680
"s12",52,"Neutral",TRUE,1605
"s13",50,"Congruent",TRUE,1041
"s13",50,"Congruent",TRUE,1241
"s13",50,"Congruent",TRUE,961
"s13",50,"Congruent",TRUE,1089
"s13",50,"Congruent",TRUE,1098
"s13",50,"Congruent",TRUE,1042
"s13",50,"Congruent",TRUE,858
"s13",50,"Congruent",TRUE,735
"s13",50,"Congruent",TRUE,1439
"s13",50,"Congruent",TRUE,2693
"s13",50,"Congruent",TRUE,1113
"s13",50,"Congruent",TRUE,1097
"s13",50,"Incongruent",FALSE,4000
"s13",50,"Incongruent",TRUE,1620
"s13",50,"Incongruent",FALSE,2351
"s13",50,"Incongruent",FALSE,2636
"s13",50,"Incongruent",TRUE,1984
"s13",50,"Incongruent",TRUE,3472
"s13",50,"Incongruent",TRUE,1418
"s13",50,"Incongruent",TRUE,1871
"s13",50,"Incongruent",FALSE,2476
"s13",50,"Incongruent",FALSE,2028
"s13",50,"Incongruent",TRUE,3942
"s13",50,"Incongruent",FALSE,4000
"s13",50,"Neutral",TRUE,1157
"s13",50,"Neutral",TRUE,878
"s13",50,"Neutral",TRUE,1020
"s13",50,"Neutral",TRUE,1107
"s13",50,"Neutral",TRUE,1162
"s13",50,"Neutral",TRUE,777
"s13",50,"Neutral",TRUE,1300
"s13",50,"Neutral",TRUE,1351
"s13",50,"Neutral",TRUE,970
"s13",50,"Neutral",TRUE,763
"s13",50,"Neutral",TRUE,818
"s13",50,"Neutral",TRUE,762
"s14",51,"Congruent",TRUE,1519
"s14",51,"Congruent",TRUE,2323
"s14",51,"Congruent",TRUE,2925
"s14",51,"Congruent",TRUE,2855
"s14",51,"Congruent",TRUE,1953
"s14",51,"Incongruent",FALSE,2502
"s14",51,"Incongruent",FALSE,4000
"s14",51,"Incongruent",TRUE,3228
"s14",51,"Incongruent",FALSE,4000
"s14",51,"Incongruent",FALSE,2982
"s14",51,"Incongruent",FALSE,2183
"s14",51,"Incongruent",FALSE,446
"s14",51,"Neutral",TRUE,3448
"s14",51,"Neutral",TRUE,2596
"s14",51,"Neutral",TRUE,2325
"s14",51,"Neutral",TRUE,1953
"s14",51,"Neutral",TRUE,1624
"s14",51,"Neutral",TRUE,2495
"s14",51,"Neutral",TRUE,1662
"s15",53,"Congruent",TRUE,1588
"s15",53,"Congruent",TRUE,1110
"s15",53,"Congruent",TRUE,890
"s15",53,"Congruent",TRUE,1457
"s15",53,"Congruent",TRUE,1043
"s15",53,"Congruent",TRUE,1515
"s15",53,"Congruent",TRUE,1725
"s15",53,"Congruent",TRUE,1038
"s15",53,"Congruent",TRUE,1510
"s15",53,"Congruent",TRUE,954
"s15",53,"Congruent",TRUE,1167
"s15",53,"Congruent",TRUE,1494
"s15",53,"Incongruent",TRUE,1295
"s15",53,"Incongruent",TRUE,1388
"s15",53,"Incongruent",TRUE,2191
"s15",53,"Incongruent",FALSE,1962
"s15",53,"Incongruent",TRUE,1162
"s15",53,"Incongruent",TRUE,1770
"s15",53,"Incongruent",TRUE,1602
"s15",53,"Incongruent",TRUE,1149
"s15",53,"Incongruent",TRUE,846
"s15",53,"Incongruent",TRUE,1805
"s15",53,"Incongruent",TRUE,1051
"s15",53,"Incongruent",TRUE,692
"s15",53,"Neutral",TRUE,844
"s15",53,"Neutral",TRUE,879
"s15",53,"Neutral",TRUE,963
"s15",53,"Neutral",TRUE,1761
"s15",53,"Neutral",TRUE,1610
"s15",53,"Neutral",TRUE,1184
"s15",53,"Neutral",TRUE,1544
"s15",53,"Neutral",TRUE,2026
"s15",53,"Neutral",TRUE,1015
"s15",53,"Neutral",TRUE,917
"s15",53,"Neutral",TRUE,863
"s15",53,"Neutral",TRUE,692
"s16",55,"Congruent",TRUE,2843
"s16",55,"Congruent",TRUE,1867
"s16",55,"Congruent",FALSE,1557
"s16",55,"Congruent",TRUE,1446
"s16",55,"Congruent",FALSE,1877
"s16",55,"Congruent",TRUE,1756
"s16",55,"Congruent",TRUE,1304
"s16",55,"Congruent",TRUE,3011
"s16",55,"Congruent",TRUE,1628
"s16",55,"Congruent",TRUE,3866
"s16",55,"Congruent",TRUE,3124
"s16",55,"Congruent",TRUE,2385
"s16",55,"Incongruent",TRUE,2218
"s16",55,"Incongruent",TRUE,3612
"s16",55,"Incongruent",TRUE,2312
"s16",55,"Incongruent",FALSE,4000
"s16",55,"Incongruent",TRUE,2285
"s16",55,"Incongruent",TRUE,937
"s16",55,"Incongruent",FALSE,1837
"s16",55,"Incongruent",FALSE,1260
"s16",55,"Incongruent",TRUE,2745
"s16",55,"Incongruent",TRUE,1499
"s16",55,"Incongruent",FALSE,1300
"s16",55,"Incongruent",TRUE,1547
"s16",55,"Neutral",TRUE,1332
"s16",55,"Neutral",TRUE,3438
"s16",55,"Neutral",TRUE,1724
"s16",55,"Neutral",TRUE,1328
"s16",55,"Neutral",TRUE,2694
"s16",55,"Neutral",TRUE,3757
"s16",55,"Neutral",TRUE,2602
"s16",55,"Neutral",TRUE,2040
"s16",55,"Neutral",FALSE,4000
"s16",55,"Neutral",TRUE,858
"s16",55,"Neutral",TRUE,1534
"s16",55,"Neutral",TRUE,1464
"s17",55,"Congruent",FALSE,2573
"s17",55,"Congruent",TRUE,538
"s17",55,"Congruent",FALSE,1060
"s17",55,"Congruent",FALSE,773
"s17",55,"Congruent",TRUE,1020
"s17",55,"Congruent",FALSE,832
"s17",55,"Congruent",TRUE,832
"s17",55,"Congruent",FALSE,773
"s17",55,"Congruent",FALSE,1718
"s17",55,"Congruent",TRUE,898
"s17",55,"Congruent",TRUE,611
"s17",55,"Congruent",TRUE,2105
"s17",55,"Incongruent",FALSE,1158
"s17",55,"Incongruent",TRUE,1556
"s17",55,"Incongruent",FALSE,533
"s17",55,"Incongruent",TRUE,714
"s17",55,"Incongruent",FALSE,3103
"s17",55,"Incongruent",TRUE,2965
"s17",55,"Incongruent",FALSE,549
"s17",55,"Incongruent",TRUE,804
"s17",55,"Incongruent",TRUE,744
"s17",55,"Incongruent",FALSE,710
"s17",55,"Incongruent",FALSE,656
"s17",55,"Incongruent",TRUE,728
"s17",55,"Neutral",FALSE,3340
"s17",55,"Neutral",TRUE,1211
"s17",55,"Neutral",FALSE,758
"s17",55,"Neutral",TRUE,2660
"s17",55,"Neutral",FALSE,1216
"s17",55,"Neutral",FALSE,804
"s17",55,"Neutral",TRUE,573
"s17",55,"Neutral",FALSE,298
"s17",55,"Neutral",TRUE,703
"s17",55,"Neutral",TRUE,537
"s17",55,"Neutral",TRUE,518
"s17",55,"Neutral",FALSE,756
"s18",51,"Congruent",FALSE,4000
"s18",51,"Congruent",FALSE,4000
"s18",51,"Congruent",FALSE,4000
"s18",51,"Congruent",TRUE,2708
"s18",51,"Incongruent",FALSE,3013
"s18",51,"Incongruent",FALSE,4000
"s18",51,"Incongruent",TRUE,48
"s18",51,"Incongruent",TRUE,416
"s18",51,"Incongruent",FALSE,2258
"s18",51,"Neutral",FALSE,4000
"s18",51,"Neutral",TRUE,90
"s18",51,"Neutral",FALSE,406
"s18",51,"Neutral",TRUE,1297
"s18",51,"Neutral",TRUE,361
"s18",51,"Neutral",FALSE,4000
"s18",51,"Neutral",TRUE,1030
"s18",51,"Neutral",TRUE,308
"s18",51,"Neutral",TRUE,938
"s18",51,"Neutral",FALSE,4000
"s19",54,"Congruent",TRUE,1393
"s19",54,"Congruent",FALSE,4000
"s19",54,"Congruent",TRUE,1768
"s19",54,"Congruent",TRUE,1830
"s19",54,"Congruent",TRUE,3541
"s19",54,"Congruent",TRUE,785
"s19",54,"Congruent",TRUE,755
"s19",54,"Congruent",FALSE,1207
"s19",54,"Congruent",FALSE,1649
"s19",54,"Congruent",TRUE,1658
"s19",54,"Congruent",TRUE,2281
"s19",54,"Congruent",TRUE,1867
"s19",54,"Incongruent",FALSE,2254
"s19",54,"Incongruent",FALSE,2109
"s19",54,"Incongruent",FALSE,4000
"s19",54,"Incongruent",FALSE,1536
"s19",54,"Incongruent",FALSE,4000
"s19",54,"Incongruent",FALSE,4000
"s19",54,"Incongruent",TRUE,3632
"s19",54,"Incongruent",FALSE,2875
"s19",54,"Incongruent",TRUE,2563
"s19",54,"Incongruent",FALSE,4000
"s19",54,"Incongruent",FALSE,2296
"s19",54,"Incongruent",TRUE,1900
"s19",54,"Neutral",TRUE,1134
"s19",54,"Neutral",TRUE,2329
"s19",54,"Neutral",TRUE,3058
"s19",54,"Neutral",TRUE,1243
"s19",54,"Neutral",TRUE,2942
"s19",54,"Neutral",TRUE,1222
"s19",54,"Neutral",TRUE,937
"s19",54,"Neutral",TRUE,1440
"s19",54,"Neutral",TRUE,1282
"s19",54,"Neutral",TRUE,2178
"s19",54,"Neutral",TRUE,996
"s19",54,"Neutral",TRUE,1907
"s2",53,"Congruent",TRUE,2376
"s2",53,"Congruent",TRUE,1893
"s2",53,"Congruent",TRUE,1343
"s2",53,"Congruent",TRUE,2163
"s2",53,"Congruent",FALSE,4000
"s2",53,"Congruent",FALSE,3145
"s2",53,"Congruent",TRUE,2110
"s2",53,"Congruent",TRUE,1351
"s2",53,"Congruent",TRUE,1657
"s2",53,"Congruent",TRUE,1282
"s2",53,"Congruent",TRUE,1202
"s2",53,"Congruent",TRUE,1850
"s2",53,"Incongruent",TRUE,944
"s2",53,"Incongruent",TRUE,2104
"s2",53,"Incongruent",TRUE,1509
"s2",53,"Incongruent",TRUE,2802
"s2",53,"Incongruent",FALSE,1969
"s2",53,"Incongruent",FALSE,4000
"s2",53,"Incongruent",TRUE,2415
"s2",53,"Incongruent",TRUE,1752
"s2",53,"Incongruent",FALSE,1014
"s2",53,"Incongruent",FALSE,917
"s2",53,"Incongruent",TRUE,2170
"s2",53,"Incongruent",FALSE,1517
"s2",53,"Neutral",TRUE,1842
"s2",53,"Neutral",TRUE,1946
"s2",53,"Neutral",FALSE,121
"s2",53,"Neutral",TRUE,2028
"s2",53,"Neutral",TRUE,2590
"s2",53,"Neutral",TRUE,1730
"s2",53,"Neutral",TRUE,2839
"s2",53,"Neutral",TRUE,1767
"s2",53,"Neutral",TRUE,1390
"s2",53,"Neutral",TRUE,3176
"s2",53,"Neutral",TRUE,1397
"s2",53,"Neutral",TRUE,1844
"s20",52,"Congruent",FALSE,42
"s20",52,"Congruent",FALSE,839
"s20",52,"Congruent",TRUE,167
"s20",52,"Congruent",TRUE,1845
"s20",52,"Congruent",TRUE,1582
"s20",52,"Congruent",TRUE,2044
"s20",52,"Congruent",TRUE,927
"s20",52,"Congruent",TRUE,1418
"s20",52,"Congruent",TRUE,566
"s20",52,"Congruent",TRUE,852
"s20",52,"Congruent",TRUE,2156
"s20",52,"Congruent",TRUE,1555
"s20",52,"Incongruent",TRUE,930
"s20",52,"Incongruent",TRUE,73
"s20",52,"Incongruent",FALSE,5
"s20",52,"Incongruent",TRUE,1432
"s20",52,"Incongruent",TRUE,66
"s20",52,"Incongruent",TRUE,504
"s20",52,"Incongruent",TRUE,346
"s20",52,"Incongruent",FALSE,4000
"s20",52,"Incongruent",TRUE,1436
"s20",52,"Incongruent",TRUE,1103
"s20",52,"Incongruent",TRUE,1770
"s20",52,"Incongruent",FALSE,37
"s20",52,"Neutral",TRUE,635
"s20",52,"Neutral",TRUE,67
"s20",52,"Neutral",FALSE,27
"s20",52,"Neutral",FALSE,1158
"s20",52,"Neutral",TRUE,1071
"s20",52,"Neutral",TRUE,1510
"s20",52,"Neutral",TRUE,710
"s20",52,"Neutral",TRUE,935
"s20",52,"Neutral",TRUE,561
"s20",52,"Neutral",TRUE,1518
"s20",52,"Neutral",TRUE,1361
"s20",52,"Neutral",FALSE,902
"s21",53,"Congruent",TRUE,1959
"s21",53,"Congruent",TRUE,2136
"s21",53,"Congruent",TRUE,862
"s21",53,"Congruent",TRUE,861
"s21",53,"Congruent",FALSE,1799
"s21",53,"Congruent",TRUE,1421
"s21",53,"Congruent",TRUE,1631
"s21",53,"Congruent",TRUE,1128
"s21",53,"Congruent",TRUE,966
"s21",53,"Congruent",TRUE,1423
"s21",53,"Congruent",TRUE,3881
"s21",53,"Congruent",TRUE,898
"s21",53,"Incongruent",TRUE,857
"s21",53,"Incongruent",TRUE,834
"s21",53,"Incongruent",TRUE,904
"s21",53,"Incongruent",TRUE,3151
"s21",53,"Incongruent",TRUE,2772
"s21",53,"Incongruent",TRUE,1503
"s21",53,"Incongruent",TRUE,1316
"s21",53,"Incongruent",TRUE,879
"s21",53,"Incongruent",TRUE,831
"s21",53,"Incongruent",TRUE,1218
"s21",53,"Incongruent",TRUE,1290
"s21",53,"Incongruent",TRUE,2391
"s21",53,"Neutral",TRUE,968
"s21",53,"Neutral",TRUE,662
"s21",53,"Neutral",TRUE,1348
"s21",53,"Neutral",TRUE,1282
"s21",53,"Neutral",TRUE,680
"s21",53,"Neutral",TRUE,863
"s21",53,"Neutral",TRUE,952
"s21",53,"Neutral",TRUE,3742
"s21",53,"Neutral",TRUE,1651
"s21",53,"Neutral",TRUE,697
"s21",53,"Neutral",TRUE,1006
"s21",53,"Neutral",TRUE,900
"s22",53,"Congruent",TRUE,1098
"s22",53,"Congruent",TRUE,1117
"s22",53,"Congruent",TRUE,1380
"s22",53,"Congruent",TRUE,953
"s22",53,"Congruent",TRUE,1199
"s22",53,"Congruent",TRUE,1230
"s22",53,"Congruent",TRUE,934
"s22",53,"Congruent",TRUE,1299
"s22",53,"Congruent",FALSE,2072
"s22",53,"Congruent",TRUE,1059
"s22",53,"Congruent",TRUE,1253
"s22",53,"Congruent",TRUE,668
"s22",53,"Incongruent",TRUE,3409
"s22",53,"Incongruent",TRUE,886
"s22",53,"Incongruent",TRUE,1951
"s22",53,"Incongruent",FALSE,1395
"s22",53,"Incongruent",FALSE,842
"s22",53,"Incongruent",TRUE,1433
"s22",53,"Incongruent",FALSE,1810
"s22",53,"Incongruent",FALSE,1242
"s22",53,"Incongruent",FALSE,779
"s22",53,"Incongruent",FALSE,2055
"s22",53,"Incongruent",TRUE,1213
"s22",53,"Incongruent",FALSE,1159
"s22",53,"Neutral",TRUE,1288
"s22",53,"Neutral",TRUE,836
"s22",53,"Neutral",TRUE,861
"s22",53,"Neutral",TRUE,1039
"s22",53,"Neutral",TRUE,857
"s22",53,"Neutral",TRUE,889
"s22",53,"Neutral",TRUE,1035
"s22",53,"Neutral",TRUE,918
"s22",53,"Neutral",FALSE,953
"s22",53,"Neutral",TRUE,740
"s22",53,"Neutral",TRUE,1541
"s22",53,"Neutral",TRUE,866
"s23",55,"Congruent",TRUE,3657
"s23",55,"Congruent",TRUE,2037
"s23",55,"Congruent",TRUE,1706
"s23",55,"Congruent",TRUE,2538
"s23",55,"Congruent",TRUE,1758
"s23",55,"Congruent",TRUE,1816
"s23",55,"Congruent",TRUE,1952
"s23",55,"Congruent",TRUE,1731
"s23",55,"Congruent",TRUE,2295
"s23",55,"Congruent",TRUE,1257
"s23",55,"Congruent",TRUE,2881
"s23",55,"Congruent",TRUE,2673
"s23",55,"Incongruent",TRUE,3592
"s23",55,"Incongruent",FALSE,4000
"s23",55,"Incongruent",TRUE,1778
"s23",55,"Incongruent",TRUE,1713
"s23",55,"Incongruent",FALSE,1509
"s23",55,"Incongruent",TRUE,5
"s23",55,"Incongruent",TRUE,2213
"s23",55,"Incongruent",TRUE,2510
"s23",55,"Incongruent",TRUE,2641
"s23",55,"Incongruent",TRUE,3121
"s23",55,"Incongruent",FALSE,4000
"s23",55,"Incongruent",TRUE,1789
"s23",55,"Neutral",TRUE,2515
"s23",55,"Neutral",FALSE,803
"s23",55,"Neutral",TRUE,1660
"s23",55,"Neutral",FALSE,4000
"s23",55,"Neutral",FALSE,1128
"s23",55,"Neutral",TRUE,3051
"s23",55,"Neutral",FALSE,4000
"s23",55,"Neutral",TRUE,1517
"s23",55,"Neutral",TRUE,2143
"s23",55,"Neutral",TRUE,1353
"s23",55,"Neutral",TRUE,1402
"s23",55,"Neutral",TRUE,1583
"s24",52,"Congruent",FALSE,878
"s24",52,"Congruent",TRUE,1211
"s24",52,"Congruent",FALSE,859
"s24",52,"Congruent",FALSE,255
"s24",52,"Congruent",TRUE,77
"s24",52,"Congruent",FALSE,4000
"s24",52,"Congruent",FALSE,2018
"s24",52,"Congruent",FALSE,4000
"s24",52,"Congruent",FALSE,4000
"s24",52,"Congruent",FALSE,4000
"s24",52,"Congruent",FALSE,4000
"s24",52,"Congruent",FALSE,4000
"s24",52,"Incongruent",FALSE,4000
"s24",52,"Incongruent",FALSE,1173
"s24",52,"Incongruent",TRUE,627
"s24",52,"Incongruent",FALSE,57
"s24",52,"Incongruent",FALSE,162
"s24",52,"Incongruent",TRUE,3260
"s24",52,"Incongruent",FALSE,1277
"s24",52,"Incongruent",FALSE,491
"s24",52,"Incongruent",FALSE,949
"s24",52,"Incongruent",FALSE,1031
"s24",52,"Incongruent",FALSE,4000
"s24",52,"Incongruent",FALSE,4000
"s24",52,"Neutral",FALSE,1243
"s24",52,"Neutral",FALSE,2311
"s24",52,"Neutral",FALSE,4000
"s24",52,"Neutral",TRUE,35
"s24",52,"Neutral",TRUE,758
"s24",52,"Neutral",TRUE,1461
"s24",52,"Neutral",TRUE,473
"s24",52,"Neutral",FALSE,4000
"s24",52,"Neutral",TRUE,1345
"s24",52,"Neutral",FALSE,700
"s24",52,"Neutral",FALSE,4000
"s24",52,"Neutral",FALSE,4000
"s25",54,"Congruent",TRUE,1047
"s25",54,"Congruent",FALSE,994
"s25",54,"Congruent",FALSE,1473
"s25",54,"Congruent",FALSE,1237
"s25",54,"Congruent",TRUE,1021
"s25",54,"Congruent",TRUE,307
"s25",54,"Congruent",TRUE,1270
"s25",54,"Congruent",FALSE,1404
"s25",54,"Congruent",FALSE,1477
"s25",54,"Congruent",TRUE,791
"s25",54,"Congruent",TRUE,1049
"s25",54,"Congruent",TRUE,757
"s25",54,"Incongruent",FALSE,1213
"s25",54,"Incongruent",FALSE,169
"s25",54,"Incongruent",FALSE,1080
"s25",54,"Incongruent",FALSE,801
"s25",54,"Incongruent",TRUE,164
"s25",54,"Incongruent",FALSE,1183
"s25",54,"Incongruent",TRUE,884
"s25",54,"Incongruent",FALSE,975
"s25",54,"Incongruent",FALSE,983
"s25",54,"Incongruent",TRUE,1498
"s25",54,"Incongruent",TRUE,560
"s25",54,"Incongruent",FALSE,636
"s25",54,"Neutral",FALSE,418
"s25",54,"Neutral",FALSE,77
"s25",54,"Neutral",TRUE,1520
"s25",54,"Neutral",FALSE,1512
"s25",54,"Neutral",TRUE,243
"s25",54,"Neutral",TRUE,932
"s25",54,"Neutral",TRUE,772
"s25",54,"Neutral",FALSE,638
"s25",54,"Neutral",FALSE,547
"s25",54,"Neutral",FALSE,678
"s25",54,"Neutral",TRUE,744
"s25",54,"Neutral",TRUE,698
"s26",53,"Congruent",TRUE,862
"s26",53,"Congruent",TRUE,1866
"s26",53,"Congruent",TRUE,937
"s26",53,"Congruent",TRUE,2586
"s26",53,"Congruent",TRUE,1481
"s26",53,"Congruent",TRUE,961
"s26",53,"Congruent",TRUE,1036
"s26",53,"Congruent",TRUE,1040
"s26",53,"Congruent",TRUE,1035
"s26",53,"Congruent",TRUE,953
"s26",53,"Congruent",TRUE,1120
"s26",53,"Congruent",TRUE,1163
"s26",53,"Incongruent",FALSE,3003
"s26",53,"Incongruent",TRUE,1475
"s26",53,"Incongruent",FALSE,1163
"s26",53,"Incongruent",TRUE,3210
"s26",53,"Incongruent",TRUE,2773
"s26",53,"Incongruent",TRUE,1281
"s26",53,"Incongruent",TRUE,718
"s26",53,"Incongruent",TRUE,913
"s26",53,"Incongruent",TRUE,2133
"s26",53,"Incongruent",TRUE,961
"s26",53,"Incongruent",TRUE,869
"s26",53,"Incongruent",TRUE,1602
"s26",53,"Neutral",TRUE,1248
"s26",53,"Neutral",TRUE,807
"s26",53,"Neutral",TRUE,782
"s26",53,"Neutral",TRUE,1457
"s26",53,"Neutral",TRUE,1070
"s26",53,"Neutral",TRUE,1099
"s26",53,"Neutral",TRUE,1519
"s26",53,"Neutral",TRUE,1613
"s26",53,"Neutral",TRUE,1318
"s26",53,"Neutral",TRUE,1738
"s26",53,"Neutral",TRUE,1560
"s26",53,"Neutral",TRUE,1274
"s27",52,"Congruent",FALSE,1423
"s27",52,"Congruent",FALSE,1676
"s27",52,"Congruent",TRUE,917
"s27",52,"Congruent",FALSE,918
"s27",52,"Congruent",FALSE,1786
"s27",52,"Congruent",FALSE,1443
"s27",52,"Congruent",TRUE,3258
"s27",52,"Congruent",TRUE,1112
"s27",52,"Congruent",FALSE,856
"s27",52,"Congruent",FALSE,736
"s27",52,"Congruent",FALSE,738
"s27",52,"Congruent",TRUE,1663
"s27",52,"Incongruent",FALSE,4000
"s27",52,"Incongruent",FALSE,4000
"s27",52,"Incongruent",TRUE,1465
"s27",52,"Incongruent",FALSE,1946
"s27",52,"Incongruent",TRUE,1042
"s27",52,"Incongruent",TRUE,1151
"s27",52,"Incongruent",FALSE,823
"s27",52,"Incongruent",TRUE,1446
"s27",52,"Incongruent",TRUE,1285
"s27",52,"Incongruent",FALSE,597
"s27",52,"Incongruent",TRUE,644
"s27",52,"Incongruent",TRUE,1132
"s27",52,"Neutral",TRUE,2044
"s27",52,"Neutral",FALSE,4000
"s27",52,"Neutral",TRUE,1230
"s27",52,"Neutral",TRUE,1597
"s27",52,"Neutral",FALSE,1720
"s27",52,"Neutral",TRUE,1195
"s27",52,"Neutral",TRUE,1104
"s27",52,"Neutral",TRUE,972
"s27",52,"Neutral",TRUE,1193
"s27",52,"Neutral",TRUE,1192
"s27",52,"Neutral",FALSE,1353
"s27",52,"Neutral",TRUE,970
"s28",52,"Congruent",FALSE,1281
"s28",52,"Congruent",TRUE,2205
"s28",52,"Congruent",TRUE,16
"s28",52,"Congruent",FALSE,44
"s28",52,"Congruent",FALSE,2129
"s28",52,"Congruent",TRUE,96
"s28",52,"Congruent",FALSE,59
"s28",52,"Congruent",TRUE,45
"s28",52,"Congruent",TRUE,55
"s28",52,"Congruent",TRUE,42
"s28",52,"Congruent",FALSE,60
"s28",52,"Congruent",TRUE,3381
"s28",52,"Incongruent",FALSE,1866
"s28",52,"Incongruent",TRUE,2614
"s28",52,"Incongruent",TRUE,1407
"s28",52,"Incongruent",FALSE,2122
"s28",52,"Incongruent",TRUE,376
"s28",52,"Incongruent",FALSE,85
"s28",52,"Incongruent",TRUE,1069
"s28",52,"Incongruent",FALSE,78
"s28",52,"Incongruent",FALSE,7
"s28",52,"Incongruent",TRUE,55
"s28",52,"Incongruent",TRUE,40
"s28",52,"Incongruent",TRUE,58
"s28",52,"Neutral",FALSE,236
"s28",52,"Neutral",TRUE,1914
"s28",52,"Neutral",TRUE,27
"s28",52,"Neutral",FALSE,15
"s28",52,"Neutral",TRUE,27
"s28",52,"Neutral",FALSE,359
"s28",52,"Neutral",FALSE,17
"s28",52,"Neutral",FALSE,47
"s28",52,"Neutral",FALSE,375
"s28",52,"Neutral",TRUE,1439
"s28",52,"Neutral",TRUE,27
"s28",52,"Neutral",FALSE,60
"s29",52,"Congruent",TRUE,2845
"s29",52,"Congruent",FALSE,2165
"s29",52,"Congruent",TRUE,855
"s29",52,"Congruent",TRUE,1539
"s29",52,"Congruent",FALSE,4000
"s29",52,"Congruent",TRUE,170
"s29",52,"Congruent",FALSE,680
"s29",52,"Congruent",FALSE,797
"s29",52,"Congruent",FALSE,1167
"s29",52,"Congruent",TRUE,697
"s29",52,"Congruent",TRUE,501
"s29",52,"Congruent",TRUE,2524
"s29",52,"Incongruent",TRUE,822
"s29",52,"Incongruent",TRUE,2043
"s29",52,"Incongruent",FALSE,942
"s29",52,"Incongruent",TRUE,819
"s29",52,"Incongruent",TRUE,209
"s29",52,"Incongruent",TRUE,606
"s29",52,"Incongruent",TRUE,948
"s29",52,"Incongruent",FALSE,2533
"s29",52,"Incongruent",TRUE,930
"s29",52,"Incongruent",TRUE,1424
"s29",52,"Incongruent",TRUE,736
"s29",52,"Incongruent",FALSE,575
"s29",52,"Neutral",FALSE,4000
"s29",52,"Neutral",TRUE,2466
"s29",52,"Neutral",TRUE,1613
"s29",52,"Neutral",TRUE,70
"s29",52,"Neutral",FALSE,2741
"s29",52,"Neutral",FALSE,4000
"s29",52,"Neutral",FALSE,2425
"s29",52,"Neutral",FALSE,1202
"s29",52,"Neutral",TRUE,2461
"s29",52,"Neutral",TRUE,2428
"s29",52,"Neutral",FALSE,1937
"s29",52,"Neutral",FALSE,882
"s3",53,"Congruent",TRUE,1590
"s3",53,"Congruent",TRUE,1629
"s3",53,"Congruent",TRUE,1066
"s3",53,"Congruent",TRUE,1634
"s3",53,"Congruent",TRUE,1743
"s3",53,"Congruent",TRUE,1438
"s3",53,"Congruent",FALSE,2729
"s3",53,"Congruent",TRUE,1191
"s3",53,"Congruent",TRUE,3217
"s3",53,"Congruent",TRUE,2123
"s3",53,"Congruent",TRUE,2952
"s3",53,"Congruent",TRUE,1750
"s3",53,"Incongruent",TRUE,1747
"s3",53,"Incongruent",TRUE,1562
"s3",53,"Incongruent",FALSE,883
"s3",53,"Incongruent",TRUE,2735
"s3",53,"Incongruent",TRUE,1589
"s3",53,"Incongruent",TRUE,1267
"s3",53,"Incongruent",TRUE,2230
"s3",53,"Incongruent",TRUE,1761
"s3",53,"Incongruent",TRUE,1884
"s3",53,"Incongruent",TRUE,3437
"s3",53,"Incongruent",TRUE,3212
"s3",53,"Incongruent",TRUE,1436
"s3",53,"Neutral",TRUE,1670
"s3",53,"Neutral",TRUE,3644
"s3",53,"Neutral",TRUE,1473
"s3",53,"Neutral",TRUE,1322
"s3",53,"Neutral",TRUE,1600
"s3",53,"Neutral",TRUE,1693
"s3",53,"Neutral",TRUE,2160
"s3",53,"Neutral",TRUE,2091
"s3",53,"Neutral",TRUE,3061
"s3",53,"Neutral",TRUE,2123
"s3",53,"Neutral",TRUE,2359
"s3",53,"Neutral",TRUE,2096
"s30",55,"Congruent",TRUE,1552
"s30",55,"Congruent",TRUE,488
"s30",55,"Congruent",TRUE,2955
"s30",55,"Congruent",TRUE,2685
"s30",55,"Congruent",TRUE,790
"s30",55,"Congruent",TRUE,886
"s30",55,"Congruent",TRUE,1091
"s30",55,"Congruent",TRUE,944
"s30",55,"Congruent",TRUE,2557
"s30",55,"Congruent",FALSE,1705
"s30",55,"Congruent",FALSE,4000
"s30",55,"Congruent",TRUE,2337
"s30",55,"Incongruent",TRUE,2276
"s30",55,"Incongruent",TRUE,1720
"s30",55,"Incongruent",TRUE,1345
"s30",55,"Incongruent",FALSE,4000
"s30",55,"Incongruent",TRUE,2607
"s30",55,"Incongruent",TRUE,1632
"s30",55,"Incongruent",TRUE,86
"s30",55,"Incongruent",TRUE,1535
"s30",55,"Incongruent",TRUE,2228
"s30",55,"Incongruent",TRUE,2489
"s30",55,"Incongruent",TRUE,3606
"s30",55,"Incongruent",TRUE,1988
"s30",55,"Neutral",FALSE,4000
"s30",55,"Neutral",FALSE,856
"s30",55,"Neutral",TRUE,1587
"s30",55,"Neutral",TRUE,2515
"s30",55,"Neutral",FALSE,4000
"s30",55,"Neutral",FALSE,4000
"s30",55,"Neutral",TRUE,907
"s30",55,"Neutral",TRUE,1746
"s30",55,"Neutral",TRUE,2293
"s30",55,"Neutral",TRUE,1046
"s30",55,"Neutral",TRUE,2332
"s30",55,"Neutral",TRUE,1110
"s31",52,"Congruent",TRUE,842
"s31",52,"Congruent",FALSE,1151
"s31",52,"Congruent",FALSE,446
"s31",52,"Congruent",TRUE,1232
"s31",52,"Congruent",TRUE,809
"s31",52,"Congruent",TRUE,1151
"s31",52,"Congruent",TRUE,803
"s31",52,"Congruent",TRUE,1035
"s31",52,"Congruent",TRUE,935
"s31",52,"Congruent",FALSE,4000
"s31",52,"Congruent",FALSE,2003
"s31",52,"Congruent",FALSE,670
"s31",52,"Incongruent",TRUE,877
"s31",52,"Incongruent",FALSE,4000
"s31",52,"Incongruent",TRUE,3050
"s31",52,"Incongruent",TRUE,74
"s31",52,"Incongruent",FALSE,3520
"s31",52,"Incongruent",FALSE,1643
"s31",52,"Incongruent",TRUE,661
"s31",52,"Incongruent",FALSE,2584
"s31",52,"Incongruent",FALSE,232
"s31",52,"Incongruent",FALSE,710
"s31",52,"Incongruent",TRUE,2018
"s31",52,"Incongruent",TRUE,1919
"s31",52,"Neutral",TRUE,2975
"s31",52,"Neutral",TRUE,921
"s31",52,"Neutral",TRUE,1136
"s31",52,"Neutral",TRUE,799
"s31",52,"Neutral",TRUE,767
"s31",52,"Neutral",TRUE,659
"s31",52,"Neutral",FALSE,2174
"s31",52,"Neutral",FALSE,1407
"s31",52,"Neutral",FALSE,4000
"s31",52,"Neutral",FALSE,629
"s31",52,"Neutral",FALSE,4000
"s31",52,"Neutral",FALSE,1770
"s32",56,"Congruent",TRUE,1006
"s32",56,"Congruent",TRUE,818
"s32",56,"Congruent",TRUE,1140
"s32",56,"Congruent",TRUE,1311
"s32",56,"Congruent",TRUE,972
"s32",56,"Congruent",TRUE,1495
"s32",56,"Congruent",TRUE,1258
"s32",56,"Congruent",TRUE,845
"s32",56,"Congruent",TRUE,1071
"s32",56,"Congruent",TRUE,1232
"s32",56,"Congruent",TRUE,793
"s32",56,"Congruent",TRUE,1192
"s32",56,"Incongruent",TRUE,2108
"s32",56,"Incongruent",TRUE,1105
"s32",56,"Incongruent",TRUE,1488
"s32",56,"Incongruent",TRUE,774
"s32",56,"Incongruent",FALSE,4000
"s32",56,"Incongruent",TRUE,799
"s32",56,"Incongruent",TRUE,1027
"s32",56,"Incongruent",FALSE,749
"s32",56,"Incongruent",TRUE,1083
"s32",56,"Incongruent",TRUE,1473
"s32",56,"Incongruent",TRUE,1533
"s32",56,"Incongruent",TRUE,3154
"s32",56,"Neutral",TRUE,1437
"s32",56,"Neutral",TRUE,1116
"s32",56,"Neutral",TRUE,867
"s32",56,"Neutral",TRUE,705
"s32",56,"Neutral",TRUE,1257
"s32",56,"Neutral",FALSE,901
"s32",56,"Neutral",FALSE,662
"s32",56,"Neutral",TRUE,772
"s32",56,"Neutral",TRUE,1125
"s32",56,"Neutral",TRUE,1806
"s32",56,"Neutral",FALSE,1371
"s32",56,"Neutral",TRUE,1066
"s33",55,"Congruent",TRUE,960
"s33",55,"Congruent",TRUE,797
"s33",55,"Congruent",TRUE,781
"s33",55,"Congruent",TRUE,863
"s33",55,"Congruent",FALSE,483
"s33",55,"Congruent",TRUE,1280
"s33",55,"Congruent",TRUE,1156
"s33",55,"Congruent",FALSE,1041
"s33",55,"Congruent",FALSE,864
"s33",55,"Congruent",TRUE,1047
"s33",55,"Congruent",TRUE,1309
"s33",55,"Congruent",TRUE,951
"s33",55,"Incongruent",FALSE,1807
"s33",55,"Incongruent",TRUE,1824
"s33",55,"Incongruent",TRUE,1422
"s33",55,"Incongruent",TRUE,1933
"s33",55,"Incongruent",TRUE,657
"s33",55,"Incongruent",TRUE,1485
"s33",55,"Incongruent",TRUE,1312
"s33",55,"Incongruent",TRUE,2853
"s33",55,"Incongruent",TRUE,652
"s33",55,"Incongruent",TRUE,887
"s33",55,"Incongruent",TRUE,850
"s33",55,"Incongruent",TRUE,792
"s33",55,"Neutral",TRUE,985
"s33",55,"Neutral",TRUE,613
"s33",55,"Neutral",TRUE,1851
"s33",55,"Neutral",FALSE,717
"s33",55,"Neutral",TRUE,1115
"s33",55,"Neutral",TRUE,1090
"s33",55,"Neutral",TRUE,2576
"s33",55,"Neutral",TRUE,931
"s33",55,"Neutral",TRUE,907
"s33",55,"Neutral",TRUE,672
"s33",55,"Neutral",TRUE,675
"s33",55,"Neutral",TRUE,526
"s34",55,"Congruent",TRUE,1083
"s34",55,"Congruent",TRUE,1732
"s34",55,"Congruent",TRUE,772
"s34",55,"Congruent",FALSE,3724
"s34",55,"Congruent",TRUE,822
"s34",55,"Congruent",TRUE,965
"s34",55,"Congruent",TRUE,1010
"s34",55,"Congruent",TRUE,2597
"s34",55,"Congruent",TRUE,1303
"s34",55,"Congruent",TRUE,1974
"s34",55,"Congruent",TRUE,1529
"s34",55,"Congruent",TRUE,965
"s34",55,"Incongruent",TRUE,2084
"s34",55,"Incongruent",TRUE,2436
"s34",55,"Incongruent",FALSE,1708
"s34",55,"Incongruent",TRUE,990
"s34",55,"Incongruent",FALSE,1063
"s34",55,"Incongruent",FALSE,2732
"s34",55,"Incongruent",TRUE,2510
"s34",55,"Incongruent",TRUE,3439
"s34",55,"Incongruent",FALSE,4000
"s34",55,"Incongruent",TRUE,787
"s34",55,"Incongruent",FALSE,76
"s34",55,"Incongruent",FALSE,4000
"s34",55,"Neutral",TRUE,1113
"s34",55,"Neutral",FALSE,624
"s34",55,"Neutral",TRUE,1544
"s34",55,"Neutral",TRUE,2240
"s34",55,"Neutral",TRUE,1781
"s34",55,"Neutral",TRUE,1333
"s34",55,"Neutral",TRUE,60
"s34",55,"Neutral",TRUE,1006
"s34",55,"Neutral",TRUE,678
"s34",55,"Neutral",FALSE,492
"s34",55,"Neutral",TRUE,963
"s34",55,"Neutral",TRUE,769
"s35",53,"Congruent",TRUE,3747
"s35",53,"Congruent",FALSE,4000
"s35",53,"Congruent",FALSE,1799
"s35",53,"Congruent",FALSE,4000
"s35",53,"Congruent",FALSE,2742
"s35",53,"Congruent",TRUE,3673
"s35",53,"Congruent",FALSE,4000
"s35",53,"Congruent",TRUE,2005
"s35",53,"Congruent",TRUE,3020
"s35",53,"Congruent",TRUE,2570
"s35",53,"Congruent",TRUE,1301
"s35",53,"Congruent",TRUE,1753
"s35",53,"Incongruent",FALSE,4000
"s35",53,"Incongruent",TRUE,2816
"s35",53,"Incongruent",FALSE,4000
"s35",53,"Incongruent",FALSE,910
"s35",53,"Incongruent",TRUE,2586
"s35",53,"Incongruent",FALSE,4000
"s35",53,"Incongruent",FALSE,52
"s35",53,"Incongruent",FALSE,4000
"s35",53,"Incongruent",FALSE,3452
"s35",53,"Incongruent",TRUE,3786
"s35",53,"Incongruent",FALSE,2343
"s35",53,"Incongruent",FALSE,2647
"s35",53,"Neutral",TRUE,726
"s35",53,"Neutral",TRUE,76
"s35",53,"Neutral",TRUE,2257
"s35",53,"Neutral",TRUE,1939
"s35",53,"Neutral",TRUE,3776
"s35",53,"Neutral",TRUE,3217
"s35",53,"Neutral",TRUE,3014
"s35",53,"Neutral",TRUE,2159
"s35",53,"Neutral",TRUE,714
"s35",53,"Neutral",TRUE,1400
"s35",53,"Neutral",TRUE,3708
"s35",53,"Neutral",TRUE,1644
"s36",57,"Congruent",TRUE,1482
"s36",57,"Congruent",TRUE,2899
"s36",57,"Congruent",TRUE,2734
"s36",57,"Congruent",TRUE,1671
"s36",57,"Congruent",TRUE,1474
"s36",57,"Congruent",TRUE,3780
"s36",57,"Congruent",TRUE,1657
"s36",57,"Congruent",TRUE,1038
"s36",57,"Congruent",FALSE,1126
"s36",57,"Congruent",FALSE,2288
"s36",57,"Congruent",FALSE,1762
"s36",57,"Congruent",TRUE,2397
"s36",57,"Incongruent",FALSE,2449
"s36",57,"Incongruent",FALSE,4000
"s36",57,"Incongruent",FALSE,3507
"s36",57,"Incongruent",TRUE,2733
"s36",57,"Incongruent",TRUE,1946
"s36",57,"Incongruent",TRUE,2560
"s36",57,"Incongruent",TRUE,3246
"s36",57,"Incongruent",FALSE,1620
"s36",57,"Incongruent",TRUE,2312
"s36",57,"Incongruent",TRUE,1747
"s36",57,"Incongruent",FALSE,1176
"s36",57,"Incongruent",FALSE,1363
"s36",57,"Neutral",FALSE,80
"s36",57,"Neutral",FALSE,4000
"s36",57,"Neutral",FALSE,1838
"s36",57,"Neutral",TRUE,1397
"s36",57,"Neutral",FALSE,898
"s36",57,"Neutral",FALSE,1016
"s36",57,"Neutral",TRUE,1899
"s36",57,"Neutral",TRUE,1304
"s36",57,"Neutral",TRUE,1999
"s36",57,"Neutral",TRUE,1929
"s36",57,"Neutral",TRUE,1384
"s36",57,"Neutral",FALSE,822
